-- phpMyAdmin SQL Dump
-- version 5.2.1
-- https://www.phpmyadmin.net/
--
-- Host: 127.0.0.1
-- Generation Time: Mar 26, 2024 at 06:56 PM
-- Server version: 10.4.28-MariaDB
-- PHP Version: 8.0.28

SET SQL_MODE = "NO_AUTO_VALUE_ON_ZERO";
START TRANSACTION;
SET time_zone = "+00:00";


/*!40101 SET @OLD_CHARACTER_SET_CLIENT=@@CHARACTER_SET_CLIENT */;
/*!40101 SET @OLD_CHARACTER_SET_RESULTS=@@CHARACTER_SET_RESULTS */;
/*!40101 SET @OLD_COLLATION_CONNECTION=@@COLLATION_CONNECTION */;
/*!40101 SET NAMES utf8mb4 */;

--
-- Database: `food_web`
--

-- --------------------------------------------------------

--
-- Table structure for table `carts`
--

CREATE TABLE `carts` (
  `id` bigint(20) UNSIGNED NOT NULL,
  `foodprice_id` bigint(20) UNSIGNED NOT NULL,
  `user_id` bigint(20) UNSIGNED NOT NULL,
  `quantity` varchar(255) NOT NULL DEFAULT '1',
  `created_at` timestamp NULL DEFAULT NULL,
  `updated_at` timestamp NULL DEFAULT NULL,
  `status` varchar(255) NOT NULL DEFAULT 'active'
) ENGINE=InnoDB DEFAULT CHARSET=utf8mb4 COLLATE=utf8mb4_unicode_ci;

--
-- Dumping data for table `carts`
--

INSERT INTO `carts` (`id`, `foodprice_id`, `user_id`, `quantity`, `created_at`, `updated_at`, `status`) VALUES
(1, 14, 5, '1', '2023-10-11 15:22:45', '2023-10-11 15:22:45', 'active'),
(2, 262, 5, '1', '2023-10-11 15:22:46', '2023-10-11 15:22:46', 'active'),
(3, 2, 9, '1', '2023-10-11 16:48:22', '2023-10-12 11:04:42', 'disabled'),
(4, 11, 9, '1', '2023-10-11 16:48:26', '2023-10-12 11:04:42', 'disabled'),
(5, 263, 9, '1', '2023-10-11 16:48:34', '2023-10-12 11:04:42', 'disabled'),
(6, 201, 9, '1', '2023-10-11 16:48:35', '2023-10-12 11:04:42', 'disabled'),
(7, 219, 9, '1', '2023-10-11 19:26:34', '2023-10-12 11:04:42', 'disabled'),
(8, 277, 9, '1', '2023-10-11 19:26:35', '2023-10-12 11:04:42', 'disabled'),
(15, 8, 9, '1', '2023-10-12 12:09:14', '2023-10-12 13:25:18', 'disabled'),
(16, 200, 9, '1', '2023-10-12 13:24:55', '2023-10-12 13:25:18', 'disabled'),
(17, 217, 9, '1', '2023-10-12 13:25:05', '2023-10-12 13:25:18', 'disabled'),
(18, 15, 9, '1', '2023-10-12 13:26:55', '2023-10-12 13:27:49', 'disabled'),
(19, 317, 9, '1', '2023-10-12 13:27:03', '2023-10-12 13:27:49', 'disabled'),
(20, 308, 9, '1', '2023-10-12 13:27:09', '2023-10-12 13:27:49', 'disabled'),
(21, 299, 9, '1', '2023-10-12 13:27:18', '2023-10-12 13:27:49', 'disabled'),
(22, 17, 9, '1', '2023-10-12 13:32:04', '2023-10-12 13:32:21', 'disabled'),
(23, 303, 9, '1', '2023-10-12 13:32:05', '2023-10-12 13:32:21', 'disabled'),
(24, 24, 9, '1', '2023-10-12 14:23:44', '2023-10-12 19:35:46', 'disabled'),
(25, 232, 9, '1', '2023-10-12 14:31:07', '2023-10-12 19:35:46', 'disabled'),
(26, 243, 9, '1', '2023-10-12 14:31:35', '2023-10-12 19:35:46', 'disabled'),
(27, 200, 9, '1', '2023-10-12 19:34:51', '2023-10-12 19:35:46', 'disabled'),
(28, 2, 9, '1', '2023-12-20 10:55:41', '2023-12-26 07:22:15', 'disabled'),
(29, 15, 9, '1', '2023-12-20 11:42:32', '2023-12-26 07:22:15', 'disabled'),
(30, 201, 9, '1', '2023-12-20 11:42:35', '2023-12-26 07:22:15', 'disabled'),
(31, 263, 9, '1', '2023-12-20 11:42:38', '2023-12-26 07:22:15', 'disabled');

-- --------------------------------------------------------

--
-- Table structure for table `categories`
--

CREATE TABLE `categories` (
  `id` bigint(20) UNSIGNED NOT NULL,
  `name` varchar(255) NOT NULL,
  `description` text DEFAULT NULL,
  `created_at` timestamp NULL DEFAULT NULL,
  `updated_at` timestamp NULL DEFAULT NULL
) ENGINE=InnoDB DEFAULT CHARSET=utf8mb4 COLLATE=utf8mb4_unicode_ci;

--
-- Dumping data for table `categories`
--

INSERT INTO `categories` (`id`, `name`, `description`, `created_at`, `updated_at`) VALUES
(1, 'Non-Veg Starter', NULL, '2023-09-27 22:47:23', '2023-09-27 22:47:23'),
(2, 'Veg Starter', NULL, '2023-09-28 00:25:10', '2023-09-28 00:25:10'),
(3, 'Wings & Grill', NULL, '2023-09-28 00:25:27', '2023-09-28 00:25:27'),
(4, 'Pizza', NULL, '2023-09-28 00:25:35', '2023-09-28 00:25:35'),
(5, 'MO:MO:', NULL, '2023-09-28 00:25:54', '2023-09-28 00:25:54'),
(6, 'Chilly & Fried', NULL, '2023-09-28 00:26:11', '2023-09-28 00:26:11'),
(8, 'Poleko Snacks', NULL, '2023-09-28 00:27:05', '2023-09-28 00:27:05'),
(9, 'Noodles', NULL, '2023-09-28 00:27:45', '2023-09-28 00:27:45'),
(10, 'Rice', NULL, '2023-09-28 00:27:50', '2023-09-28 00:27:50');

-- --------------------------------------------------------

--
-- Table structure for table `category_images`
--

CREATE TABLE `category_images` (
  `id` bigint(20) UNSIGNED NOT NULL,
  `category_id` bigint(20) UNSIGNED NOT NULL,
  `image_id` bigint(20) UNSIGNED NOT NULL,
  `created_at` timestamp NULL DEFAULT NULL,
  `updated_at` timestamp NULL DEFAULT NULL
) ENGINE=InnoDB DEFAULT CHARSET=utf8mb4 COLLATE=utf8mb4_unicode_ci;

--
-- Dumping data for table `category_images`
--

INSERT INTO `category_images` (`id`, `category_id`, `image_id`, `created_at`, `updated_at`) VALUES
(1, 1, 28, '2023-09-29 19:39:40', '2023-09-29 19:39:40'),
(3, 2, 27, '2023-09-29 19:40:05', '2023-09-29 19:40:05'),
(4, 3, 26, '2023-09-29 19:40:14', '2023-09-29 19:40:14'),
(5, 4, 25, '2023-09-29 19:40:31', '2023-09-29 19:40:31'),
(6, 5, 24, '2023-09-29 19:42:34', '2023-09-29 19:42:34');

-- --------------------------------------------------------

--
-- Table structure for table `category_infos`
--

CREATE TABLE `category_infos` (
  `id` bigint(20) UNSIGNED NOT NULL,
  `category_id` bigint(20) UNSIGNED NOT NULL,
  `food_id` bigint(20) UNSIGNED NOT NULL,
  `created_at` timestamp NULL DEFAULT NULL,
  `updated_at` timestamp NULL DEFAULT NULL
) ENGINE=InnoDB DEFAULT CHARSET=utf8mb4 COLLATE=utf8mb4_unicode_ci;

--
-- Dumping data for table `category_infos`
--

INSERT INTO `category_infos` (`id`, `category_id`, `food_id`, `created_at`, `updated_at`) VALUES
(1, 1, 2, '2023-09-30 05:10:08', '2023-09-30 05:10:08'),
(2, 1, 3, '2023-09-30 05:10:18', '2023-09-30 05:10:18'),
(3, 1, 4, '2023-09-30 05:10:26', '2023-09-30 05:10:26'),
(4, 1, 5, '2023-09-30 05:10:32', '2023-09-30 05:10:32'),
(5, 1, 6, '2023-09-30 05:10:41', '2023-09-30 05:10:41'),
(6, 1, 7, '2023-09-30 05:10:49', '2023-09-30 05:10:49'),
(7, 1, 8, '2023-09-30 05:11:00', '2023-09-30 05:11:00'),
(8, 1, 9, '2023-09-30 05:11:06', '2023-09-30 05:11:06'),
(9, 1, 10, '2023-09-30 05:11:43', '2023-09-30 05:11:43'),
(10, 2, 11, '2023-09-30 05:11:52', '2023-09-30 05:11:52'),
(11, 2, 12, '2023-09-30 05:11:58', '2023-09-30 05:11:58'),
(12, 2, 13, '2023-09-30 05:12:04', '2023-09-30 05:12:04'),
(13, 2, 14, '2023-09-30 05:12:14', '2023-09-30 05:12:14'),
(14, 2, 15, '2023-09-30 05:12:25', '2023-09-30 05:12:25'),
(15, 3, 16, '2023-09-30 05:12:36', '2023-09-30 05:12:36'),
(16, 3, 17, '2023-09-30 05:12:43', '2023-09-30 05:12:43'),
(17, 3, 18, '2023-09-30 05:12:49', '2023-09-30 05:12:49'),
(18, 3, 19, '2023-09-30 05:12:58', '2023-09-30 05:12:58'),
(19, 4, 20, '2023-09-30 05:14:48', '2023-09-30 05:14:48'),
(20, 4, 1, '2023-09-30 05:14:54', '2023-09-30 05:14:54'),
(21, 4, 22, '2023-09-30 05:15:08', '2023-09-30 05:15:08'),
(22, 4, 23, '2023-09-30 05:15:16', '2023-09-30 05:15:16'),
(23, 4, 24, '2023-09-30 05:15:59', '2023-09-30 05:15:59'),
(24, 4, 25, '2023-09-30 05:16:07', '2023-09-30 05:16:07'),
(25, 4, 26, '2023-09-30 05:16:15', '2023-09-30 05:16:15'),
(26, 4, 27, '2023-09-30 05:16:20', '2023-09-30 05:16:20'),
(27, 4, 28, '2023-09-30 05:16:27', '2023-09-30 05:16:27'),
(28, 4, 29, '2023-09-30 05:16:35', '2023-09-30 05:16:35'),
(29, 4, 30, '2023-09-30 05:16:41', '2023-09-30 05:16:41'),
(30, 4, 31, '2023-09-30 05:16:47', '2023-09-30 05:16:47'),
(31, 5, 32, '2023-09-30 05:16:56', '2023-09-30 05:16:56'),
(32, 5, 33, '2023-09-30 05:17:04', '2023-09-30 05:17:04'),
(33, 5, 34, '2023-09-30 05:17:10', '2023-09-30 05:17:10'),
(34, 5, 35, '2023-09-30 05:17:18', '2023-09-30 05:17:18'),
(35, 5, 36, '2023-09-30 05:17:28', '2023-09-30 05:17:28'),
(36, 5, 37, '2023-09-30 05:17:39', '2023-09-30 05:17:39'),
(37, 5, 38, '2023-09-30 05:17:46', '2023-09-30 05:17:46'),
(38, 5, 39, '2023-09-30 05:17:52', '2023-09-30 05:17:52'),
(39, 5, 40, '2023-09-30 05:18:27', '2023-09-30 05:18:27'),
(40, 5, 41, '2023-09-30 05:18:34', '2023-09-30 05:18:34'),
(41, 5, 42, '2023-09-30 05:18:41', '2023-09-30 05:18:41'),
(42, 5, 43, '2023-09-30 05:19:16', '2023-09-30 05:19:16'),
(43, 5, 44, '2023-09-30 05:19:22', '2023-09-30 05:19:22'),
(44, 5, 45, '2023-09-30 05:19:28', '2023-09-30 05:19:28'),
(45, 5, 46, '2023-09-30 05:19:38', '2023-09-30 05:19:38'),
(46, 6, 48, '2023-09-30 07:33:21', '2023-09-30 07:33:21'),
(47, 6, 49, '2023-09-30 07:33:54', '2023-09-30 07:33:54'),
(48, 6, 50, '2023-09-30 07:34:02', '2023-09-30 07:34:02'),
(49, 6, 51, '2023-09-30 07:34:10', '2023-09-30 07:34:10'),
(50, 6, 52, '2023-09-30 07:34:17', '2023-09-30 07:34:17'),
(51, 6, 53, '2023-09-30 07:34:23', '2023-09-30 07:34:23'),
(52, 6, 54, '2023-09-30 07:34:28', '2023-09-30 07:34:28'),
(53, 6, 55, '2023-09-30 07:34:36', '2023-09-30 07:34:36'),
(55, 8, 56, '2023-09-30 07:35:19', '2023-09-30 07:35:19'),
(56, 8, 57, '2023-09-30 07:35:26', '2023-09-30 07:35:26'),
(57, 8, 58, '2023-09-30 07:35:32', '2023-09-30 07:35:32'),
(58, 8, 59, '2023-09-30 07:35:41', '2023-09-30 07:35:41'),
(59, 8, 60, '2023-09-30 07:36:00', '2023-09-30 07:36:00'),
(60, 8, 61, '2023-09-30 07:36:07', '2023-09-30 07:36:07'),
(61, 8, 62, '2023-09-30 07:36:18', '2023-09-30 07:36:18'),
(62, 9, 63, '2023-09-30 07:36:25', '2023-09-30 07:36:25'),
(63, 9, 64, '2023-09-30 07:36:32', '2023-09-30 07:36:32'),
(64, 9, 65, '2023-09-30 07:36:37', '2023-09-30 07:36:37'),
(65, 9, 69, '2023-09-30 07:36:45', '2023-09-30 07:36:45'),
(66, 9, 70, '2023-09-30 07:36:49', '2023-09-30 07:36:49'),
(67, 9, 71, '2023-09-30 07:36:54', '2023-09-30 07:36:54'),
(68, 10, 66, '2023-09-30 07:37:02', '2023-09-30 07:37:02'),
(69, 10, 67, '2023-09-30 07:37:06', '2023-09-30 07:37:06'),
(70, 10, 68, '2023-09-30 07:37:14', '2023-09-30 07:37:14');

-- --------------------------------------------------------

--
-- Table structure for table `failed_jobs`
--

CREATE TABLE `failed_jobs` (
  `id` bigint(20) UNSIGNED NOT NULL,
  `uuid` varchar(255) NOT NULL,
  `connection` text NOT NULL,
  `queue` text NOT NULL,
  `payload` longtext NOT NULL,
  `exception` longtext NOT NULL,
  `failed_at` timestamp NOT NULL DEFAULT current_timestamp()
) ENGINE=InnoDB DEFAULT CHARSET=utf8mb4 COLLATE=utf8mb4_unicode_ci;

-- --------------------------------------------------------

--
-- Table structure for table `food`
--

CREATE TABLE `food` (
  `id` bigint(20) UNSIGNED NOT NULL,
  `name` varchar(255) NOT NULL,
  `description` text DEFAULT NULL,
  `created_at` timestamp NULL DEFAULT NULL,
  `updated_at` timestamp NULL DEFAULT NULL
) ENGINE=InnoDB DEFAULT CHARSET=utf8mb4 COLLATE=utf8mb4_unicode_ci;

--
-- Dumping data for table `food`
--

INSERT INTO `food` (`id`, `name`, `description`, `created_at`, `updated_at`) VALUES
(1, 'Cheese Pizza', NULL, '2023-09-27 06:03:37', '2023-10-11 04:22:57'),
(2, 'Chicken Cheesy Roll', NULL, '2023-09-27 22:24:17', '2023-09-27 22:24:17'),
(3, 'Belgium Chicken', NULL, '2023-09-27 22:24:38', '2023-09-27 22:24:38'),
(4, 'Chicken Wrapped Sausage Roll', NULL, '2023-09-27 22:24:51', '2023-09-27 22:24:51'),
(5, 'Dragon Chicken', NULL, '2023-09-27 22:25:08', '2023-09-27 22:25:08'),
(6, 'Pocket Fish', NULL, '2023-09-27 22:25:15', '2023-09-27 22:25:15'),
(7, 'Chicken Manchurian', NULL, '2023-09-27 22:25:22', '2023-09-27 22:25:22'),
(8, 'Chicken Chopsuey', NULL, '2023-09-27 22:25:26', '2023-09-27 22:25:26'),
(9, 'Chicken Cutlet', NULL, '2023-09-27 22:25:38', '2023-09-27 22:25:38'),
(10, 'Chicken Caesar Salad', NULL, '2023-09-27 22:25:47', '2023-09-27 22:25:47'),
(11, 'Cheese Ball/Finger', NULL, '2023-09-27 22:25:56', '2023-09-27 22:25:56'),
(12, 'Veg Chopsuey', NULL, '2023-09-27 22:26:05', '2023-09-27 22:26:05'),
(13, 'Veg Khaja Set', NULL, '2023-09-27 22:26:11', '2023-09-27 22:26:11'),
(14, 'Veg Manchurian', NULL, '2023-09-27 22:26:16', '2023-09-27 22:26:16'),
(15, 'Russian Salad', NULL, '2023-09-27 22:26:31', '2023-09-27 22:26:31'),
(16, 'Grilled Wings', NULL, '2023-09-27 22:27:17', '2023-09-27 22:27:17'),
(17, 'Grilled Drumsticks', NULL, '2023-09-27 22:28:07', '2023-09-27 22:28:07'),
(18, 'Hot Wings', NULL, '2023-09-27 22:28:58', '2023-09-27 22:28:58'),
(19, 'Wings Fry Masala', NULL, '2023-09-27 22:30:13', '2023-09-27 22:30:13'),
(20, 'Mix Veg Pizza', NULL, '2023-09-27 22:30:26', '2023-09-27 22:30:26'),
(22, 'Mushroom Pizza', NULL, '2023-09-27 22:30:49', '2023-09-27 22:30:49'),
(23, 'Sausage Pizza', NULL, '2023-09-27 22:30:54', '2023-09-27 22:30:54'),
(24, 'Chicken Pizza', NULL, '2023-09-27 22:31:07', '2023-09-27 22:31:07'),
(25, 'Salami Pizza', NULL, '2023-09-27 22:31:13', '2023-09-27 22:31:13'),
(26, 'Ham Pizza', NULL, '2023-09-27 22:31:18', '2023-09-27 22:31:18'),
(27, 'Paneer Pizza', NULL, '2023-09-27 22:31:25', '2023-09-27 22:31:25'),
(28, 'Peri Peri Chicken Pizza', NULL, '2023-09-27 22:31:30', '2023-09-27 22:31:30'),
(29, 'Hawain Pizza', NULL, '2023-09-27 22:31:35', '2023-09-27 22:31:35'),
(30, 'Meat Lover Pizza', NULL, '2023-09-27 22:31:40', '2023-09-27 22:31:40'),
(31, 'Mix Lover Pizza', NULL, '2023-09-27 22:31:53', '2023-09-27 22:31:53'),
(32, 'Chicken Steam MO:MO:', NULL, '2023-09-27 22:32:17', '2023-09-27 22:32:17'),
(33, 'Fry Chicken MO:MO:', NULL, '2023-09-27 22:32:26', '2023-09-27 22:32:26'),
(34, 'Veg Steam MO:MO:', NULL, '2023-09-27 22:32:31', '2023-09-27 22:32:31'),
(35, 'Chicken Kothey MO:MO:', NULL, '2023-09-27 22:32:43', '2023-09-27 22:32:43'),
(36, 'Veg Kothey MO:MO:', NULL, '2023-09-27 22:32:49', '2023-09-27 22:32:49'),
(37, 'Chicken Chilly MO:MO:', NULL, '2023-09-27 22:32:59', '2023-09-27 22:32:59'),
(38, 'Veg Chilly MO:MO:', NULL, '2023-09-27 22:33:05', '2023-09-27 22:33:05'),
(39, 'Chicken Jhol MO:MO:', NULL, '2023-09-27 22:33:16', '2023-09-27 22:33:16'),
(40, 'Veg Jhol MO:MO:', NULL, '2023-09-27 22:33:24', '2023-09-27 22:33:24'),
(41, 'Chicken Sandeko MO:MO:', NULL, '2023-09-27 22:33:40', '2023-09-27 22:33:40'),
(42, 'Veg Sandeko MO:MO:', NULL, '2023-09-27 22:34:03', '2023-09-27 22:34:03'),
(43, 'Chicken Jhaneko MO:MO:', NULL, '2023-09-27 22:34:11', '2023-09-27 22:34:11'),
(44, 'Veg Jhaneko MO:MO:', NULL, '2023-09-27 22:34:17', '2023-09-27 22:34:17'),
(45, 'Chicken Chat MO:MO:', NULL, '2023-09-27 22:34:25', '2023-09-27 22:34:25'),
(46, 'Veg Chat MO:MO:', NULL, '2023-09-27 22:34:40', '2023-09-27 22:34:40'),
(48, 'Chicken Chilly', NULL, '2023-09-30 05:33:30', '2023-09-30 05:33:30'),
(49, 'Sausage Chilly', NULL, '2023-09-30 05:33:39', '2023-09-30 05:33:39'),
(50, 'Fish Chilly', NULL, '2023-09-30 05:33:50', '2023-09-30 05:33:50'),
(51, 'Chicken Lolipop Chilly', NULL, '2023-09-30 05:34:00', '2023-09-30 05:34:00'),
(52, 'Prawn Chilly', NULL, '2023-09-30 05:34:08', '2023-09-30 05:34:08'),
(53, 'Chips Chilly', NULL, '2023-09-30 05:34:30', '2023-09-30 05:34:30'),
(54, 'Mushroom Chilly', NULL, '2023-09-30 05:34:39', '2023-09-30 05:34:39'),
(55, 'Paneer Chilly', NULL, '2023-09-30 05:34:47', '2023-09-30 05:34:47'),
(56, 'Chicken Sekuwa', NULL, '2023-09-30 05:34:59', '2023-09-30 05:34:59'),
(57, 'Chicken Sekuwa Sadheko', NULL, '2023-09-30 05:35:19', '2023-09-30 05:35:19'),
(58, 'Pangra Sekuwa', NULL, '2023-09-30 07:28:54', '2023-09-30 07:28:54'),
(59, 'Pangra Sekuwa Sadheko', NULL, '2023-09-30 07:29:09', '2023-09-30 07:29:09'),
(60, 'Fish Poleko (Whole Fish)', NULL, '2023-09-30 07:29:22', '2023-09-30 07:29:22'),
(61, 'Mutton Sekuwa', NULL, '2023-09-30 07:29:39', '2023-09-30 07:29:39'),
(62, 'Mutton Sekuwa Sadheko', NULL, '2023-09-30 07:29:46', '2023-09-30 07:29:46'),
(63, 'Chicken Noodles', NULL, '2023-09-30 07:30:44', '2023-09-30 07:30:44'),
(64, 'Veg Noodles', NULL, '2023-09-30 07:30:53', '2023-09-30 07:30:53'),
(65, 'Mix Noodles', NULL, '2023-09-30 07:31:00', '2023-09-30 07:31:00'),
(66, 'Schezwan Rice Veg', NULL, '2023-09-30 07:31:10', '2023-09-30 07:31:10'),
(67, 'Schezwan Rice Chicken', NULL, '2023-09-30 07:31:18', '2023-09-30 07:31:18'),
(68, 'Schezwan Rice Mix', NULL, '2023-09-30 07:31:29', '2023-09-30 07:31:29'),
(69, 'Schezwan Noodles Veg', NULL, '2023-09-30 07:31:41', '2023-09-30 07:31:41'),
(70, 'Schezwan Noodles Chicken', NULL, '2023-09-30 07:31:48', '2023-09-30 07:31:48'),
(71, 'Schezwan Noodles Mix', NULL, '2023-09-30 07:31:55', '2023-09-30 07:31:55');

-- --------------------------------------------------------

--
-- Table structure for table `food_prices`
--

CREATE TABLE `food_prices` (
  `id` bigint(20) UNSIGNED NOT NULL,
  `food_id` bigint(20) UNSIGNED NOT NULL,
  `restaurant_id` bigint(20) UNSIGNED NOT NULL,
  `price` varchar(255) NOT NULL,
  `created_at` timestamp NULL DEFAULT NULL,
  `updated_at` timestamp NULL DEFAULT NULL
) ENGINE=InnoDB DEFAULT CHARSET=utf8mb4 COLLATE=utf8mb4_unicode_ci;

--
-- Dumping data for table `food_prices`
--

INSERT INTO `food_prices` (`id`, `food_id`, `restaurant_id`, `price`, `created_at`, `updated_at`) VALUES
(2, 2, 1, '250', '2023-10-10 12:47:01', '2023-10-10 12:47:01'),
(4, 4, 1, '420', '2023-10-10 12:47:26', '2023-10-10 12:47:26'),
(5, 5, 1, '600', '2023-10-10 13:33:18', '2023-10-10 13:33:18'),
(6, 1, 3, '550', '2023-10-10 13:34:05', '2023-10-10 13:34:05'),
(7, 2, 3, '420', '2023-10-10 13:34:11', '2023-10-10 13:34:11'),
(8, 3, 3, '250', '2023-10-10 13:34:19', '2023-10-10 13:34:19'),
(9, 4, 3, '620', '2023-10-10 13:34:26', '2023-10-10 13:34:26'),
(10, 1, 2, '480', '2023-10-10 13:38:41', '2023-10-10 13:38:41'),
(11, 2, 2, '430', '2023-10-10 13:38:50', '2023-10-10 13:38:50'),
(12, 3, 2, '650', '2023-10-10 13:39:00', '2023-10-10 13:39:00'),
(13, 4, 2, '700', '2023-10-10 13:39:30', '2023-10-10 13:39:30'),
(14, 6, 1, '395', '2023-10-10 19:11:15', '2023-10-10 19:11:15'),
(15, 7, 1, '360', '2023-10-10 19:11:27', '2023-10-10 19:11:27'),
(16, 8, 1, '550', '2023-10-10 19:11:40', '2023-10-10 19:11:40'),
(17, 9, 1, '450', '2023-10-10 19:11:51', '2023-10-10 19:11:51'),
(18, 10, 1, '450', '2023-10-10 19:12:03', '2023-10-10 19:12:03'),
(19, 11, 1, '350', '2023-10-10 19:12:14', '2023-10-10 19:12:14'),
(21, 12, 1, '350', '2023-10-10 19:13:06', '2023-10-10 19:13:06'),
(22, 13, 1, '300', '2023-10-10 19:13:18', '2023-10-10 19:13:18'),
(23, 14, 1, '300', '2023-10-10 19:13:33', '2023-10-10 19:13:33'),
(24, 15, 1, '500', '2023-10-10 19:13:51', '2023-10-10 19:13:51'),
(25, 16, 1, '390', '2023-10-10 19:14:08', '2023-10-10 19:14:08'),
(26, 17, 1, '390', '2023-10-10 19:14:19', '2023-10-10 19:14:19'),
(27, 18, 1, '390', '2023-10-10 19:14:26', '2023-10-10 19:14:26'),
(28, 19, 1, '390', '2023-10-10 19:14:42', '2023-10-10 19:14:42'),
(29, 20, 1, '550', '2023-10-10 19:15:05', '2023-10-10 19:15:05'),
(30, 22, 1, '550', '2023-10-10 19:15:15', '2023-10-10 19:15:15'),
(31, 23, 1, '550', '2023-10-10 19:15:25', '2023-10-10 19:15:25'),
(32, 1, 1, '550', '2023-10-10 19:15:58', '2023-10-10 19:15:58'),
(33, 24, 1, '590', '2023-10-10 19:16:55', '2023-10-10 19:16:55'),
(34, 25, 1, '490', '2023-10-10 19:17:10', '2023-10-10 19:17:10'),
(35, 26, 1, '550', '2023-10-10 19:17:19', '2023-10-10 19:17:19'),
(36, 27, 1, '550', '2023-10-10 19:17:28', '2023-10-10 19:17:28'),
(37, 28, 1, '640', '2023-10-10 19:17:39', '2023-10-10 19:17:39'),
(38, 29, 1, '650', '2023-10-10 19:18:01', '2023-10-10 19:18:01'),
(39, 30, 1, '650', '2023-10-10 19:18:17', '2023-10-10 19:18:17'),
(40, 31, 1, '650', '2023-10-10 19:19:19', '2023-10-10 19:19:19'),
(41, 32, 1, '190', '2023-10-10 19:20:10', '2023-10-10 19:20:10'),
(42, 33, 1, '190', '2023-10-10 19:20:19', '2023-10-10 19:20:19'),
(43, 34, 1, '160', '2023-10-10 19:20:39', '2023-10-10 19:20:39'),
(44, 35, 1, '220', '2023-10-10 19:20:56', '2023-10-10 19:20:56'),
(46, 39, 1, '260', '2023-10-10 19:21:50', '2023-10-10 19:21:50'),
(47, 40, 1, '220', '2023-10-10 19:22:03', '2023-10-10 19:22:03'),
(48, 41, 1, '260', '2023-10-10 19:22:14', '2023-10-10 19:22:14'),
(49, 42, 1, '260', '2023-10-10 19:22:25', '2023-10-10 19:22:25'),
(50, 43, 1, '350', '2023-10-10 19:22:45', '2023-10-10 19:22:45'),
(51, 44, 1, '300', '2023-10-10 19:23:01', '2023-10-10 19:23:01'),
(52, 45, 1, '350', '2023-10-10 19:24:13', '2023-10-10 19:24:13'),
(53, 46, 1, '300', '2023-10-10 19:24:24', '2023-10-10 19:24:24'),
(54, 48, 1, '360', '2023-10-10 19:25:06', '2023-10-10 19:25:06'),
(55, 49, 1, '360', '2023-10-10 19:25:17', '2023-10-10 19:25:17'),
(56, 50, 1, '360', '2023-10-10 19:25:26', '2023-10-10 19:25:26'),
(59, 51, 1, '300', '2023-10-10 19:28:14', '2023-10-10 19:28:14'),
(60, 52, 1, '650', '2023-10-10 19:28:59', '2023-10-10 19:28:59'),
(61, 53, 1, '250', '2023-10-10 19:29:21', '2023-10-10 19:29:21'),
(62, 54, 1, '350', '2023-10-10 19:29:39', '2023-10-10 19:29:39'),
(63, 55, 1, '350', '2023-10-10 19:29:52', '2023-10-10 19:29:52'),
(64, 56, 1, '390', '2023-10-10 19:31:29', '2023-10-10 19:31:29'),
(65, 57, 1, '390', '2023-10-10 19:31:46', '2023-10-10 19:31:46'),
(66, 58, 1, '350', '2023-10-10 19:32:10', '2023-10-10 19:32:10'),
(67, 59, 1, '350', '2023-10-10 19:32:25', '2023-10-10 19:32:25'),
(68, 61, 1, '450', '2023-10-10 19:32:36', '2023-10-10 19:32:36'),
(69, 62, 1, '480', '2023-10-10 19:33:00', '2023-10-10 19:33:00'),
(70, 60, 1, '550', '2023-10-10 19:33:34', '2023-10-10 19:33:34'),
(72, 63, 1, '250', '2023-10-10 19:35:22', '2023-10-10 19:35:22'),
(73, 64, 1, '190', '2023-10-10 19:35:41', '2023-10-10 19:35:41'),
(74, 65, 1, '350', '2023-10-10 19:35:59', '2023-10-10 19:35:59'),
(75, 67, 1, '290', '2023-10-10 19:36:18', '2023-10-10 19:36:18'),
(76, 68, 1, '350', '2023-10-10 19:36:33', '2023-10-10 19:36:33'),
(77, 69, 1, '230', '2023-10-10 19:36:46', '2023-10-10 19:36:46'),
(78, 70, 1, '290', '2023-10-10 19:36:55', '2023-10-10 19:36:55'),
(79, 71, 1, '350', '2023-10-10 19:37:05', '2023-10-10 19:37:05'),
(107, 37, 1, '300', '2023-10-10 19:44:49', '2023-10-10 19:44:49'),
(167, 36, 1, '222', '2023-10-10 20:01:47', '2023-10-10 20:01:47'),
(196, 2, 3, '390', '2023-10-10 21:17:59', '2023-10-10 21:17:59'),
(197, 3, 3, '385', '2023-10-10 21:18:09', '2023-10-10 21:18:09'),
(198, 4, 3, '385', '2023-10-10 21:18:22', '2023-10-10 21:18:22'),
(199, 5, 3, '355', '2023-10-10 21:18:30', '2023-10-10 21:18:30'),
(200, 6, 3, '400', '2023-10-10 21:18:41', '2023-10-10 21:18:41'),
(201, 7, 3, '365', '2023-10-10 21:18:55', '2023-10-10 21:18:55'),
(202, 8, 3, '545', '2023-10-10 21:19:09', '2023-10-10 21:19:09'),
(203, 9, 3, '555', '2023-10-10 21:19:24', '2023-10-10 21:19:24'),
(204, 10, 3, '440', '2023-10-10 21:19:43', '2023-10-10 21:19:43'),
(205, 11, 3, '335', '2023-10-10 21:19:55', '2023-10-10 21:19:55'),
(206, 12, 3, '340', '2023-10-10 21:20:08', '2023-10-10 21:20:08'),
(207, 13, 3, '295', '2023-10-10 22:00:24', '2023-10-10 22:00:24'),
(208, 14, 3, '305', '2023-10-10 22:00:34', '2023-10-10 22:00:34'),
(209, 15, 3, '485', '2023-10-10 22:00:45', '2023-10-10 22:00:45'),
(210, 16, 3, '380', '2023-10-10 22:01:11', '2023-10-10 22:01:11'),
(211, 17, 3, '370', '2023-10-10 22:01:27', '2023-10-10 22:01:27'),
(212, 18, 3, '400', '2023-10-10 22:01:39', '2023-10-10 22:01:39'),
(213, 19, 3, '370', '2023-10-10 22:01:52', '2023-10-10 22:01:52'),
(214, 20, 3, '555', '2023-10-10 22:02:02', '2023-10-10 22:02:02'),
(215, 22, 3, '535', '2023-10-10 22:02:14', '2023-10-10 22:02:14'),
(216, 23, 3, '560', '2023-10-10 22:02:23', '2023-10-10 22:02:23'),
(217, 24, 3, '585', '2023-10-10 22:03:08', '2023-10-10 22:03:08'),
(218, 25, 3, '465', '2023-10-10 22:03:19', '2023-10-10 22:03:19'),
(219, 26, 3, '560', '2023-10-10 22:03:27', '2023-10-10 22:03:27'),
(220, 27, 3, '540', '2023-10-10 22:03:37', '2023-10-10 22:03:37'),
(221, 28, 3, '630', '2023-10-10 22:03:46', '2023-10-10 22:03:46'),
(222, 29, 3, '645', '2023-10-10 22:03:54', '2023-10-10 22:03:54'),
(223, 30, 3, '640', '2023-10-10 22:04:02', '2023-10-10 22:04:02'),
(224, 31, 3, '640', '2023-10-10 22:04:15', '2023-10-10 22:04:15'),
(225, 32, 3, '185', '2023-10-10 22:04:27', '2023-10-10 22:04:27'),
(226, 33, 3, '185', '2023-10-10 22:04:35', '2023-10-10 22:04:35'),
(227, 34, 3, '165', '2023-10-10 22:04:49', '2023-10-10 22:04:49'),
(228, 35, 3, '225', '2023-10-10 22:05:09', '2023-10-10 22:05:09'),
(229, 36, 3, '195', '2023-10-10 22:05:27', '2023-10-10 22:05:27'),
(230, 37, 3, '295', '2023-10-10 22:05:46', '2023-10-10 22:05:46'),
(231, 38, 3, '240', '2023-10-10 22:05:57', '2023-10-10 22:05:57'),
(232, 39, 3, '250', '2023-10-10 22:06:06', '2023-10-10 22:06:06'),
(233, 40, 3, '215', '2023-10-10 22:06:16', '2023-10-10 22:06:16'),
(234, 41, 3, '260', '2023-10-10 22:06:28', '2023-10-10 22:06:28'),
(235, 42, 3, '250', '2023-10-10 22:06:42', '2023-10-10 22:06:42'),
(236, 43, 3, '340', '2023-10-10 22:07:11', '2023-10-10 22:07:11'),
(237, 44, 3, '300', '2023-10-10 22:07:24', '2023-10-10 22:07:24'),
(238, 45, 3, '300', '2023-10-10 22:07:39', '2023-10-10 22:07:39'),
(239, 46, 3, '280', '2023-10-10 22:07:48', '2023-10-10 22:07:48'),
(240, 48, 3, '350', '2023-10-10 22:08:16', '2023-10-10 22:08:16'),
(241, 49, 3, '355', '2023-10-10 22:08:26', '2023-10-10 22:08:26'),
(242, 50, 3, '355', '2023-10-10 22:08:35', '2023-10-10 22:08:35'),
(243, 53, 3, '255', '2023-10-10 22:08:47', '2023-10-10 22:08:47'),
(244, 54, 3, '340', '2023-10-10 22:09:02', '2023-10-10 22:09:02'),
(245, 51, 3, '315', '2023-10-10 22:09:14', '2023-10-10 22:09:14'),
(246, 52, 3, '630', '2023-10-10 22:09:27', '2023-10-10 22:09:27'),
(247, 55, 3, '340', '2023-10-10 22:09:37', '2023-10-10 22:09:37'),
(248, 56, 3, '385', '2023-10-10 22:09:58', '2023-10-10 22:09:58'),
(249, 57, 3, '380', '2023-10-10 22:10:10', '2023-10-10 22:10:10'),
(250, 58, 3, '345', '2023-10-10 22:10:18', '2023-10-10 22:10:18'),
(251, 59, 3, '330', '2023-10-10 22:10:31', '2023-10-10 22:10:31'),
(252, 61, 3, '455', '2023-10-10 22:10:43', '2023-10-10 22:10:43'),
(253, 62, 3, '470', '2023-10-10 22:11:09', '2023-10-10 22:11:09'),
(254, 60, 3, '535', '2023-10-10 22:11:18', '2023-10-10 22:11:18'),
(255, 63, 3, '235', '2023-10-10 22:11:34', '2023-10-10 22:11:34'),
(256, 64, 3, '185', '2023-10-10 22:11:47', '2023-10-10 22:11:47'),
(257, 66, 3, '240', '2023-10-10 22:11:59', '2023-10-10 22:11:59'),
(258, 2, 2, '389', '2023-10-10 22:14:13', '2023-10-10 22:14:13'),
(259, 3, 2, '396', '2023-10-10 22:14:22', '2023-10-10 22:14:22'),
(260, 4, 2, '386', '2023-10-10 22:14:33', '2023-10-10 22:14:33'),
(261, 5, 2, '364', '2023-10-10 22:14:41', '2023-10-10 22:14:41'),
(262, 6, 2, '398', '2023-10-10 22:14:48', '2023-10-10 22:14:48'),
(263, 7, 2, '364', '2023-10-10 22:14:57', '2023-10-10 22:14:57'),
(264, 11, 2, '356', '2023-10-10 22:15:19', '2023-10-10 22:15:19'),
(265, 12, 2, '344', '2023-10-10 22:15:29', '2023-10-10 22:15:29'),
(266, 13, 2, '312', '2023-10-10 22:15:42', '2023-10-10 22:15:42'),
(267, 14, 2, '299', '2023-10-10 22:15:51', '2023-10-10 22:15:51'),
(268, 16, 2, '387', '2023-10-10 22:16:00', '2023-10-10 22:16:00'),
(269, 17, 2, '394', '2023-10-10 22:16:13', '2023-10-10 22:16:13'),
(270, 18, 2, '386', '2023-10-10 22:16:22', '2023-10-10 22:16:22'),
(271, 20, 2, '553', '2023-10-10 22:16:32', '2023-10-10 22:16:32'),
(272, 1, 2, '545', '2023-10-10 22:16:39', '2023-10-10 22:16:39'),
(273, 22, 2, '553', '2023-10-10 22:16:49', '2023-10-10 22:16:49'),
(274, 23, 2, '556', '2023-10-10 22:16:56', '2023-10-10 22:16:56'),
(275, 24, 2, '596', '2023-10-10 22:17:10', '2023-10-10 22:17:10'),
(276, 25, 2, '492', '2023-10-10 22:17:19', '2023-10-10 22:17:19'),
(277, 26, 2, '553', '2023-10-10 22:17:28', '2023-10-10 22:17:28'),
(278, 27, 2, '539', '2023-10-10 22:17:37', '2023-10-10 22:17:37'),
(279, 32, 2, '198', '2023-10-10 22:17:49', '2023-10-10 22:17:49'),
(280, 33, 2, '189', '2023-10-10 22:18:00', '2023-10-10 22:18:00'),
(281, 34, 2, '164', '2023-10-10 22:18:10', '2023-10-10 22:18:10'),
(282, 35, 2, '226', '2023-10-10 22:18:22', '2023-10-10 22:18:22'),
(283, 36, 2, '198', '2023-10-10 22:18:32', '2023-10-10 22:18:32'),
(284, 37, 2, '294', '2023-10-10 22:18:56', '2023-10-10 22:18:56'),
(285, 38, 2, '246', '2023-10-10 22:19:05', '2023-10-10 22:19:05'),
(286, 39, 2, '263', '2023-10-10 22:19:14', '2023-10-10 22:19:14'),
(287, 48, 2, '363', '2023-10-10 22:19:31', '2023-10-10 22:19:31'),
(288, 49, 2, '363', '2023-10-10 22:19:41', '2023-10-10 22:19:41'),
(289, 50, 2, '372', '2023-10-10 22:19:47', '2023-10-10 22:19:47'),
(290, 53, 2, '243', '2023-10-10 22:19:56', '2023-10-10 22:19:56'),
(291, 54, 2, '343', '2023-10-10 22:20:14', '2023-10-10 22:20:14'),
(292, 56, 2, '393', '2023-10-10 22:20:28', '2023-10-10 22:20:28'),
(293, 57, 2, '393', '2023-10-10 22:20:47', '2023-10-10 22:20:47'),
(294, 58, 2, '343', '2023-10-10 22:21:12', '2023-10-10 22:21:12'),
(295, 57, 2, '353', '2023-10-10 22:21:29', '2023-10-10 22:21:29'),
(296, 61, 2, '439', '2023-10-10 22:21:48', '2023-10-10 22:21:48'),
(297, 63, 2, '256', '2023-10-10 22:22:03', '2023-10-10 22:22:03'),
(298, 64, 2, '197', '2023-10-10 22:22:12', '2023-10-10 22:22:12'),
(299, 65, 2, '356', '2023-10-10 22:22:23', '2023-10-10 22:22:23'),
(300, 66, 2, '234', '2023-10-10 22:22:33', '2023-10-10 22:22:33'),
(301, 67, 2, '293', '2023-10-10 22:22:43', '2023-10-10 22:22:43'),
(302, 8, 2, '549', '2023-10-10 22:23:05', '2023-10-10 22:23:05'),
(303, 9, 2, '453', '2023-10-10 22:23:20', '2023-10-10 22:23:20'),
(304, 10, 2, '436', '2023-10-10 22:23:30', '2023-10-10 22:23:30'),
(305, 15, 2, '489', '2023-10-10 22:23:40', '2023-10-10 22:23:40'),
(306, 19, 2, '399', '2023-10-10 22:23:53', '2023-10-10 22:23:53'),
(307, 28, 2, '635', '2023-10-10 22:24:00', '2023-10-10 22:24:00'),
(308, 29, 2, '644', '2023-10-10 22:24:07', '2023-10-10 22:24:07'),
(309, 30, 2, '643', '2023-10-10 22:24:15', '2023-10-10 22:24:15'),
(310, 31, 2, '672', '2023-10-10 22:24:33', '2023-10-10 22:24:33'),
(311, 40, 2, '223', '2023-10-10 22:24:44', '2023-10-10 22:24:44'),
(312, 41, 2, '264', '2023-10-10 22:25:01', '2023-10-10 22:25:01'),
(313, 42, 2, '219', '2023-10-10 22:25:40', '2023-10-10 22:25:40'),
(314, 43, 2, '264', '2023-10-10 22:25:51', '2023-10-10 22:25:51'),
(315, 42, 2, '219', '2023-10-10 22:26:04', '2023-10-10 22:26:04'),
(316, 44, 2, '311', '2023-10-10 22:26:28', '2023-10-10 22:26:28'),
(317, 45, 2, '355', '2023-10-10 22:26:38', '2023-10-10 22:26:38'),
(318, 46, 2, '311', '2023-10-10 22:26:50', '2023-10-10 22:26:50'),
(319, 51, 2, '299', '2023-10-10 22:27:09', '2023-10-10 22:27:09'),
(320, 52, 2, '653', '2023-10-10 22:27:18', '2023-10-10 22:27:18'),
(321, 55, 2, '344', '2023-10-10 22:27:35', '2023-10-10 22:27:35'),
(322, 62, 2, '462', '2023-10-10 22:27:54', '2023-10-10 22:27:54'),
(323, 70, 2, '293', '2023-10-10 22:28:16', '2023-10-10 22:28:16'),
(324, 71, 2, '356', '2023-10-10 22:28:24', '2023-10-10 22:28:24');

-- --------------------------------------------------------

--
-- Table structure for table `food_types`
--

CREATE TABLE `food_types` (
  `id` bigint(20) UNSIGNED NOT NULL,
  `name` varchar(255) NOT NULL,
  `description` text DEFAULT NULL,
  `created_at` timestamp NULL DEFAULT NULL,
  `updated_at` timestamp NULL DEFAULT NULL
) ENGINE=InnoDB DEFAULT CHARSET=utf8mb4 COLLATE=utf8mb4_unicode_ci;

--
-- Dumping data for table `food_types`
--

INSERT INTO `food_types` (`id`, `name`, `description`, `created_at`, `updated_at`) VALUES
(1, 'Veg', NULL, '2023-09-28 00:40:17', '2023-10-11 09:54:48'),
(2, 'Non-Veg', NULL, '2023-09-28 00:40:23', '2023-09-28 00:40:23');

-- --------------------------------------------------------

--
-- Table structure for table `images`
--

CREATE TABLE `images` (
  `id` bigint(20) UNSIGNED NOT NULL,
  `name` varchar(255) NOT NULL,
  `path` varchar(255) NOT NULL,
  `created_at` timestamp NULL DEFAULT NULL,
  `updated_at` timestamp NULL DEFAULT NULL
) ENGINE=InnoDB DEFAULT CHARSET=utf8mb4 COLLATE=utf8mb4_unicode_ci;

--
-- Dumping data for table `images`
--

INSERT INTO `images` (`id`, `name`, `path`, `created_at`, `updated_at`) VALUES
(1, 'salad.jpg', '1695960870.salad.jpg', '2023-09-28 22:29:31', '2023-09-28 22:29:31'),
(3, 'chowmein.jpg', '1695983333.chowmein.jpg', '2023-09-29 04:43:53', '2023-09-29 04:43:53'),
(4, 'momo.jpg', '1695983340.momo.jpg', '2023-09-29 04:44:00', '2023-09-29 04:44:00'),
(5, 'drinks.jpg', '1695983345.drinks.jpg', '2023-09-29 04:44:06', '2023-09-29 04:44:06'),
(6, 'BBQ-2.jpg', '1695983361.BBQ-2.jpg', '2023-09-29 04:44:21', '2023-09-29 04:44:21'),
(7, 'pizza.jpg', '1695983410.pizza.jpg', '2023-09-29 04:45:10', '2023-09-29 04:45:10'),
(8, 'momo-cat.jpg', '1695983449.momo-cat.jpg', '2023-09-29 04:45:49', '2023-09-29 04:45:49'),
(9, 'theme1.jpg', '1695984629.theme1.jpg', '2023-09-29 05:05:29', '2023-09-29 05:05:29'),
(10, 'non-veg-curry-cat.png', '1696033239.non-veg-curry-cat.png', '2023-09-29 18:35:39', '2023-09-29 18:35:39'),
(11, 'indian-veg-curry-cat.png', '1696033244.indian-veg-curry-cat.png', '2023-09-29 18:35:44', '2023-09-29 18:35:44'),
(12, 'burger-cat.png', '1696033250.burger-cat.png', '2023-09-29 18:35:50', '2023-09-29 18:35:50'),
(13, 'fried-chicken-cat.png', '1696033257.fried-chicken-cat.png', '2023-09-29 18:35:57', '2023-09-29 18:35:57'),
(14, 'rollls-cat.png', '1696033262.rollls-cat.png', '2023-09-29 18:36:03', '2023-09-29 18:36:03'),
(15, 'sandwich-cat.png', '1696033267.sandwich-cat.png', '2023-09-29 18:36:07', '2023-09-29 18:36:07'),
(16, 'drinks-snack-veg-cat.png', '1696033273.drinks-snack-veg-cat.png', '2023-09-29 18:36:13', '2023-09-29 18:36:13'),
(17, 'drinks-snack-nonveg-cat.png', '1696033279.drinks-snack-nonveg-cat.png', '2023-09-29 18:36:19', '2023-09-29 18:36:19'),
(18, 'drinks-cat.png', '1696033286.drinks-cat.png', '2023-09-29 18:36:26', '2023-09-29 18:36:26'),
(19, 'noodles-cat.png', '1696033295.noodles-cat.png', '2023-09-29 18:36:35', '2023-09-29 18:36:35'),
(20, 'desert-cat.png', '1696033310.desert-cat.png', '2023-09-29 18:36:50', '2023-09-29 18:36:50'),
(21, 'poleko-cat.png', '1696033323.poleko-cat.png', '2023-09-29 18:37:03', '2023-09-29 18:37:03'),
(22, 'chilly-fried-veg-cat.png', '1696033329.chilly-fried-veg-cat.png', '2023-09-29 18:37:09', '2023-09-29 18:37:09'),
(23, 'chilly&fried-nonveg-cat.png', '1696033334.chilly&fried-nonveg-cat.png', '2023-09-29 18:37:14', '2023-09-29 18:37:14'),
(24, 'momo-cat.png', '1696033340.momo-cat.png', '2023-09-29 18:37:20', '2023-09-29 18:37:20'),
(25, 'pizza-cat.png', '1696033347.pizza-cat.png', '2023-09-29 18:37:27', '2023-09-29 18:37:27'),
(26, 'wings&grilll-cat.png', '1696033356.wings&grilll-cat.png', '2023-09-29 18:37:36', '2023-09-29 18:37:36'),
(27, 'veg-starter-cat.png', '1696033365.veg-starter-cat.png', '2023-09-29 18:37:45', '2023-09-29 18:37:45'),
(28, 'non-veg-starter-cat.png', '1696033378.non-veg-starter-cat.png', '2023-09-29 18:37:58', '2023-09-29 18:37:58'),
(29, 'slider2.PNG', '1696176975.slider2.PNG', '2023-10-01 10:31:15', '2023-10-01 10:31:15'),
(30, 'slider3.PNG', '1696176987.slider3.PNG', '2023-10-01 10:31:27', '2023-10-01 10:31:27'),
(31, 'slider4.PNG', '1696176992.slider4.PNG', '2023-10-01 10:31:32', '2023-10-01 10:31:32'),
(32, 'restaurant-trail.png', '1696180884.restaurant-trail.png', '2023-10-01 11:36:24', '2023-10-01 11:36:24');

-- --------------------------------------------------------

--
-- Table structure for table `migrations`
--

CREATE TABLE `migrations` (
  `id` int(10) UNSIGNED NOT NULL,
  `migration` varchar(255) NOT NULL,
  `batch` int(11) NOT NULL
) ENGINE=InnoDB DEFAULT CHARSET=utf8mb4 COLLATE=utf8mb4_unicode_ci;

--
-- Dumping data for table `migrations`
--

INSERT INTO `migrations` (`id`, `migration`, `batch`) VALUES
(1, '2014_10_12_100000_create_password_resets_table', 1),
(2, '2019_08_19_000000_create_failed_jobs_table', 1),
(3, '2019_12_14_000001_create_personal_access_tokens_table', 1),
(4, '2023_09_27_085051_create_restaurants_table', 1),
(6, '2023_09_27_100138_create_food_table', 3),
(9, '2023_09_28_042712_create_categories_table', 4),
(10, '2023_09_28_061438_create_food_types_table', 5),
(11, '2023_09_28_172635_create_images_table', 6),
(16, '2023_09_29_113126_create_category_images_table', 9),
(17, '2023_09_30_012820_create_sub_categories_table', 10),
(18, '2023_09_30_074259_create_category_infos_table', 11),
(19, '2023_10_05_014912_create_food_prices_table', 12),
(21, '2023_10_08_011515_create_permission_tables', 13),
(23, '2023_10_10_040540_create_users_table', 14),
(24, '2023_10_11_183313_change_role_default_value_in_users_table', 15),
(27, '2023_10_11_200530_create_carts_table', 16),
(28, '2023_10_11_220638_create_orders_table', 17),
(29, '2023_10_11_221738_create_order_details_table', 17),
(30, '2023_10_12_145012_add_status_to_carts', 18);

-- --------------------------------------------------------

--
-- Table structure for table `model_has_permissions`
--

CREATE TABLE `model_has_permissions` (
  `permission_id` bigint(20) UNSIGNED NOT NULL,
  `model_type` varchar(255) NOT NULL,
  `model_id` bigint(20) UNSIGNED NOT NULL
) ENGINE=InnoDB DEFAULT CHARSET=utf8mb4 COLLATE=utf8mb4_unicode_ci;

-- --------------------------------------------------------

--
-- Table structure for table `model_has_roles`
--

CREATE TABLE `model_has_roles` (
  `role_id` bigint(20) UNSIGNED NOT NULL,
  `model_type` varchar(255) NOT NULL,
  `model_id` bigint(20) UNSIGNED NOT NULL
) ENGINE=InnoDB DEFAULT CHARSET=utf8mb4 COLLATE=utf8mb4_unicode_ci;

-- --------------------------------------------------------

--
-- Table structure for table `orders`
--

CREATE TABLE `orders` (
  `id` bigint(20) UNSIGNED NOT NULL,
  `user_id` bigint(20) UNSIGNED NOT NULL,
  `contact` varchar(255) NOT NULL,
  `receiver` varchar(255) NOT NULL,
  `address` varchar(255) NOT NULL,
  `created_at` timestamp NULL DEFAULT NULL,
  `updated_at` timestamp NULL DEFAULT NULL
) ENGINE=InnoDB DEFAULT CHARSET=utf8mb4 COLLATE=utf8mb4_unicode_ci;

--
-- Dumping data for table `orders`
--

INSERT INTO `orders` (`id`, `user_id`, `contact`, `receiver`, `address`, `created_at`, `updated_at`) VALUES
(1, 9, '9809101575', 'Bibek Thapa Magar', 'Bharatpur-16', '2023-10-12 09:34:38', '2023-10-12 09:34:38'),
(2, 9, '9809101575', 'Bibek Thapa Magar', 'Bharatpur-16', '2023-10-12 13:27:48', '2023-10-12 13:27:48'),
(3, 9, '05608235', 'Bibek Thapa Magar', 'Belchowk', '2023-10-12 13:32:20', '2023-10-12 13:32:20'),
(4, 9, '9809101567', 'Milan Darai', 'Bharatpur-10', '2023-10-12 19:35:45', '2023-10-12 19:35:45'),
(5, 9, '9809101575', 'Bibek Thapa Magar', 'Belchowk', '2023-12-26 07:22:15', '2023-12-26 07:22:15');

-- --------------------------------------------------------

--
-- Table structure for table `order_details`
--

CREATE TABLE `order_details` (
  `id` bigint(20) UNSIGNED NOT NULL,
  `order_id` bigint(20) UNSIGNED NOT NULL,
  `price_id` bigint(20) UNSIGNED NOT NULL,
  `quantity` varchar(255) NOT NULL,
  `total_amount` varchar(255) NOT NULL,
  `created_at` timestamp NULL DEFAULT NULL,
  `updated_at` timestamp NULL DEFAULT NULL
) ENGINE=InnoDB DEFAULT CHARSET=utf8mb4 COLLATE=utf8mb4_unicode_ci;

--
-- Dumping data for table `order_details`
--

INSERT INTO `order_details` (`id`, `order_id`, `price_id`, `quantity`, `total_amount`, `created_at`, `updated_at`) VALUES
(1, 1, 2, '1', '250', '2023-10-12 10:44:48', '2023-10-12 10:44:48'),
(2, 1, 11, '1', '430', '2023-10-12 10:44:48', '2023-10-12 10:44:48'),
(3, 1, 263, '1', '364', '2023-10-12 10:44:48', '2023-10-12 10:44:48'),
(4, 1, 201, '1', '365', '2023-10-12 10:44:48', '2023-10-12 10:44:48'),
(5, 1, 219, '1', '560', '2023-10-12 10:44:48', '2023-10-12 10:44:48'),
(6, 1, 277, '1', '553', '2023-10-12 10:44:48', '2023-10-12 10:44:48'),
(7, 2, 15, '1', '360', '2023-10-12 13:27:48', '2023-10-12 13:27:48'),
(8, 2, 317, '1', '355', '2023-10-12 13:27:48', '2023-10-12 13:27:48'),
(9, 2, 308, '1', '644', '2023-10-12 13:27:48', '2023-10-12 13:27:48'),
(10, 2, 299, '1', '356', '2023-10-12 13:27:48', '2023-10-12 13:27:48'),
(11, 3, 17, '1', '450', '2023-10-12 13:32:20', '2023-10-12 13:32:20'),
(12, 3, 303, '1', '453', '2023-10-12 13:32:20', '2023-10-12 13:32:20'),
(13, 4, 24, '1', '500', '2023-10-12 19:35:46', '2023-10-12 19:35:46'),
(14, 4, 232, '1', '250', '2023-10-12 19:35:46', '2023-10-12 19:35:46'),
(15, 4, 243, '1', '255', '2023-10-12 19:35:46', '2023-10-12 19:35:46'),
(16, 4, 200, '1', '400', '2023-10-12 19:35:46', '2023-10-12 19:35:46'),
(17, 5, 2, '1', '250', '2023-12-26 07:22:15', '2023-12-26 07:22:15'),
(18, 5, 15, '1', '360', '2023-12-26 07:22:15', '2023-12-26 07:22:15'),
(19, 5, 201, '1', '365', '2023-12-26 07:22:15', '2023-12-26 07:22:15'),
(20, 5, 263, '1', '364', '2023-12-26 07:22:15', '2023-12-26 07:22:15');

-- --------------------------------------------------------

--
-- Table structure for table `password_resets`
--

CREATE TABLE `password_resets` (
  `email` varchar(255) NOT NULL,
  `token` varchar(255) NOT NULL,
  `created_at` timestamp NULL DEFAULT NULL
) ENGINE=InnoDB DEFAULT CHARSET=utf8mb4 COLLATE=utf8mb4_unicode_ci;

-- --------------------------------------------------------

--
-- Table structure for table `permissions`
--

CREATE TABLE `permissions` (
  `id` bigint(20) UNSIGNED NOT NULL,
  `name` varchar(255) NOT NULL,
  `guard_name` varchar(255) NOT NULL,
  `created_at` timestamp NULL DEFAULT NULL,
  `updated_at` timestamp NULL DEFAULT NULL
) ENGINE=InnoDB DEFAULT CHARSET=utf8mb4 COLLATE=utf8mb4_unicode_ci;

-- --------------------------------------------------------

--
-- Table structure for table `personal_access_tokens`
--

CREATE TABLE `personal_access_tokens` (
  `id` bigint(20) UNSIGNED NOT NULL,
  `tokenable_type` varchar(255) NOT NULL,
  `tokenable_id` bigint(20) UNSIGNED NOT NULL,
  `name` varchar(255) NOT NULL,
  `token` varchar(64) NOT NULL,
  `abilities` text DEFAULT NULL,
  `last_used_at` timestamp NULL DEFAULT NULL,
  `expires_at` timestamp NULL DEFAULT NULL,
  `created_at` timestamp NULL DEFAULT NULL,
  `updated_at` timestamp NULL DEFAULT NULL
) ENGINE=InnoDB DEFAULT CHARSET=utf8mb4 COLLATE=utf8mb4_unicode_ci;

-- --------------------------------------------------------

--
-- Table structure for table `restaurants`
--

CREATE TABLE `restaurants` (
  `id` bigint(20) UNSIGNED NOT NULL,
  `restaurant_name` varchar(255) NOT NULL,
  `restaurant_code` varchar(255) NOT NULL,
  `address` varchar(255) NOT NULL,
  `contact1` varchar(255) NOT NULL,
  `contact2` varchar(255) DEFAULT NULL,
  `email` varchar(255) NOT NULL,
  `restaurant_owner` varchar(255) NOT NULL,
  `pan_number` varchar(255) NOT NULL,
  `created_at` timestamp NULL DEFAULT NULL,
  `updated_at` timestamp NULL DEFAULT NULL
) ENGINE=InnoDB DEFAULT CHARSET=utf8mb4 COLLATE=utf8mb4_unicode_ci;

--
-- Dumping data for table `restaurants`
--

INSERT INTO `restaurants` (`id`, `restaurant_name`, `restaurant_code`, `address`, `contact1`, `contact2`, `email`, `restaurant_owner`, `pan_number`, `created_at`, `updated_at`) VALUES
(1, 'HUNGRY JERRY', 'R001', 'Bharatpur-10', '9809101362', NULL, 'jerryishungry@gmail.com', 'Jerry Bhandari', '123456789', '2023-09-28 01:05:50', '2023-09-28 01:05:50'),
(2, 'NARAYANI RESTAURANT', 'R002', 'Bharatpur-10', '9809101011', NULL, 'restaurant_in_narayani@gmail.com', 'Narayan Poudel', '908976320', '2023-09-28 05:45:04', '2023-09-28 05:45:04'),
(3, 'YUMMY TOMMY', 'R003', 'Bharatpur-9', '9812231453', NULL, 'tummy_gets.yummy@gmail.com', 'Yum Bahadur Kharel', '231454621', '2023-09-28 05:55:48', '2023-09-28 05:55:48'),
(4, 'Sensei Restaurant', 'R034', 'SBDUFgipH', '9809248343', NULL, 'SENSEI@fmail.com', 'Sensei', '345678', '2023-10-07 20:50:41', '2023-10-07 20:50:41');

-- --------------------------------------------------------

--
-- Table structure for table `roles`
--

CREATE TABLE `roles` (
  `id` bigint(20) UNSIGNED NOT NULL,
  `name` varchar(255) NOT NULL,
  `guard_name` varchar(255) NOT NULL,
  `created_at` timestamp NULL DEFAULT NULL,
  `updated_at` timestamp NULL DEFAULT NULL
) ENGINE=InnoDB DEFAULT CHARSET=utf8mb4 COLLATE=utf8mb4_unicode_ci;

--
-- Dumping data for table `roles`
--

INSERT INTO `roles` (`id`, `name`, `guard_name`, `created_at`, `updated_at`) VALUES
(1, 'Super-Admin', 'web', '2023-10-09 20:20:18', '2023-10-09 20:20:18'),
(2, 'Admin', 'web', '2023-10-09 20:20:24', '2023-10-09 20:20:24'),
(3, 'Member', 'web', '2023-10-09 20:20:32', '2023-10-09 20:20:32');

-- --------------------------------------------------------

--
-- Table structure for table `role_has_permissions`
--

CREATE TABLE `role_has_permissions` (
  `permission_id` bigint(20) UNSIGNED NOT NULL,
  `role_id` bigint(20) UNSIGNED NOT NULL
) ENGINE=InnoDB DEFAULT CHARSET=utf8mb4 COLLATE=utf8mb4_unicode_ci;

-- --------------------------------------------------------

--
-- Table structure for table `sub_categories`
--

CREATE TABLE `sub_categories` (
  `id` bigint(20) UNSIGNED NOT NULL,
  `name` varchar(255) NOT NULL,
  `description` text DEFAULT NULL,
  `category_id` bigint(20) UNSIGNED NOT NULL,
  `created_at` timestamp NULL DEFAULT NULL,
  `updated_at` timestamp NULL DEFAULT NULL
) ENGINE=InnoDB DEFAULT CHARSET=utf8mb4 COLLATE=utf8mb4_unicode_ci;

--
-- Dumping data for table `sub_categories`
--

INSERT INTO `sub_categories` (`id`, `name`, `description`, `category_id`, `created_at`, `updated_at`) VALUES
(1, 'Small Size', NULL, 4, '2023-09-29 22:00:51', '2023-09-29 22:00:51'),
(2, 'Medium Size', NULL, 4, '2023-09-29 22:01:03', '2023-09-29 22:01:03'),
(3, 'Large Size', NULL, 4, '2023-09-29 22:01:13', '2023-09-29 22:01:13');

-- --------------------------------------------------------

--
-- Table structure for table `users`
--

CREATE TABLE `users` (
  `id` bigint(20) UNSIGNED NOT NULL,
  `name` varchar(255) NOT NULL,
  `email` varchar(255) NOT NULL,
  `email_verified_at` timestamp NULL DEFAULT NULL,
  `password` varchar(255) NOT NULL,
  `restaurant_id` bigint(20) UNSIGNED DEFAULT NULL,
  `role` varchar(255) NOT NULL DEFAULT 'Member',
  `remember_token` varchar(100) DEFAULT NULL,
  `created_at` timestamp NULL DEFAULT NULL,
  `updated_at` timestamp NULL DEFAULT NULL
) ENGINE=InnoDB DEFAULT CHARSET=utf8mb4 COLLATE=utf8mb4_unicode_ci;

--
-- Dumping data for table `users`
--

INSERT INTO `users` (`id`, `name`, `email`, `email_verified_at`, `password`, `restaurant_id`, `role`, `remember_token`, `created_at`, `updated_at`) VALUES
(1, 'FOOD WEB', 'info@foodweb.com', NULL, '$2y$10$iU.R89rQbPlEBdTsOrQQnOFcVABz8wxrcjbl6QhRb3l5AfnMEfZJe', NULL, 'Super-Admin', NULL, '2023-10-10 09:34:23', '2023-10-10 09:34:23'),
(3, 'HUNGRY JERRY', 'info@hungryjerry.com', NULL, '$2y$10$5ckDo8lNjuMGht54jY/JzuqTk4egglb3Pu9a7092v4yav2RR9s6cW', 1, 'Admin', NULL, '2023-10-10 09:36:41', '2023-10-10 09:36:41'),
(4, 'NARAYANI RESTAURANT', 'info@narayanirestaurant.com', NULL, '$2y$10$WwvcBisJyt6aAtn2Mq.cve9y2h0AHEowiMhoi20e4n1y.d46za4AG', 2, 'Admin', NULL, '2023-10-10 09:42:54', '2023-10-10 09:42:54'),
(5, 'YUMMY TOMMY', 'info@yummytummy.com', NULL, '$2y$10$JH598ToeMJDRNohLv5YqVuPMftW66uIGqbfs6z8ivM8cvlbrgfr4i', 3, 'Admin', NULL, '2023-10-10 09:56:56', '2023-10-10 09:56:56'),
(6, 'Sensei', 'info@sensei.com', NULL, '$2y$10$DcfhGoXhVbD5WMmgQ6r6Vu2Q.Xu6M23DJrPvnsVFsnNfFYxGGebz6', 4, 'Admin', NULL, '2023-10-10 21:28:18', '2023-10-10 21:28:18'),
(9, 'Bibek Thapa Magar', 'bibek.thapa0521@gmail.com', NULL, '$2y$10$I88It4SfkUTgqcE.QhTmReH94Ke03Ek39eVEpnwxuSHxXNKafWHBK', NULL, 'Member', NULL, '2023-10-11 16:43:37', '2023-10-11 16:43:37');

--
-- Indexes for dumped tables
--

--
-- Indexes for table `carts`
--
ALTER TABLE `carts`
  ADD PRIMARY KEY (`id`),
  ADD KEY `carts_foodprice_id_foreign` (`foodprice_id`),
  ADD KEY `carts_user_id_foreign` (`user_id`);

--
-- Indexes for table `categories`
--
ALTER TABLE `categories`
  ADD PRIMARY KEY (`id`),
  ADD UNIQUE KEY `categories_name_unique` (`name`);

--
-- Indexes for table `category_images`
--
ALTER TABLE `category_images`
  ADD PRIMARY KEY (`id`),
  ADD UNIQUE KEY `category_images_category_id_unique` (`category_id`),
  ADD UNIQUE KEY `category_images_image_id_unique` (`image_id`);

--
-- Indexes for table `category_infos`
--
ALTER TABLE `category_infos`
  ADD PRIMARY KEY (`id`),
  ADD KEY `category_infos_category_id_foreign` (`category_id`),
  ADD KEY `category_infos_food_id_foreign` (`food_id`);

--
-- Indexes for table `failed_jobs`
--
ALTER TABLE `failed_jobs`
  ADD PRIMARY KEY (`id`),
  ADD UNIQUE KEY `failed_jobs_uuid_unique` (`uuid`);

--
-- Indexes for table `food`
--
ALTER TABLE `food`
  ADD PRIMARY KEY (`id`),
  ADD UNIQUE KEY `food_name_unique` (`name`);

--
-- Indexes for table `food_prices`
--
ALTER TABLE `food_prices`
  ADD PRIMARY KEY (`id`),
  ADD KEY `food_prices_food_id_foreign` (`food_id`),
  ADD KEY `food_prices_restaurant_id_foreign` (`restaurant_id`);

--
-- Indexes for table `food_types`
--
ALTER TABLE `food_types`
  ADD PRIMARY KEY (`id`),
  ADD UNIQUE KEY `food_types_name_unique` (`name`);

--
-- Indexes for table `images`
--
ALTER TABLE `images`
  ADD PRIMARY KEY (`id`),
  ADD UNIQUE KEY `images_path_unique` (`path`);

--
-- Indexes for table `migrations`
--
ALTER TABLE `migrations`
  ADD PRIMARY KEY (`id`);

--
-- Indexes for table `model_has_permissions`
--
ALTER TABLE `model_has_permissions`
  ADD PRIMARY KEY (`permission_id`,`model_id`,`model_type`),
  ADD KEY `model_has_permissions_model_id_model_type_index` (`model_id`,`model_type`);

--
-- Indexes for table `model_has_roles`
--
ALTER TABLE `model_has_roles`
  ADD PRIMARY KEY (`role_id`,`model_id`,`model_type`),
  ADD KEY `model_has_roles_model_id_model_type_index` (`model_id`,`model_type`);

--
-- Indexes for table `orders`
--
ALTER TABLE `orders`
  ADD PRIMARY KEY (`id`),
  ADD KEY `orders_user_id_foreign` (`user_id`);

--
-- Indexes for table `order_details`
--
ALTER TABLE `order_details`
  ADD PRIMARY KEY (`id`),
  ADD KEY `order_details_order_id_foreign` (`order_id`),
  ADD KEY `order_details_price_id_foreign` (`price_id`);

--
-- Indexes for table `password_resets`
--
ALTER TABLE `password_resets`
  ADD KEY `password_resets_email_index` (`email`);

--
-- Indexes for table `permissions`
--
ALTER TABLE `permissions`
  ADD PRIMARY KEY (`id`),
  ADD UNIQUE KEY `permissions_name_guard_name_unique` (`name`,`guard_name`);

--
-- Indexes for table `personal_access_tokens`
--
ALTER TABLE `personal_access_tokens`
  ADD PRIMARY KEY (`id`),
  ADD UNIQUE KEY `personal_access_tokens_token_unique` (`token`),
  ADD KEY `personal_access_tokens_tokenable_type_tokenable_id_index` (`tokenable_type`,`tokenable_id`);

--
-- Indexes for table `restaurants`
--
ALTER TABLE `restaurants`
  ADD PRIMARY KEY (`id`),
  ADD UNIQUE KEY `restaurants_restaurant_code_unique` (`restaurant_code`),
  ADD UNIQUE KEY `restaurants_contact1_unique` (`contact1`),
  ADD UNIQUE KEY `restaurants_email_unique` (`email`),
  ADD UNIQUE KEY `restaurants_contact2_unique` (`contact2`);

--
-- Indexes for table `roles`
--
ALTER TABLE `roles`
  ADD PRIMARY KEY (`id`),
  ADD UNIQUE KEY `roles_name_guard_name_unique` (`name`,`guard_name`);

--
-- Indexes for table `role_has_permissions`
--
ALTER TABLE `role_has_permissions`
  ADD PRIMARY KEY (`permission_id`,`role_id`),
  ADD KEY `role_has_permissions_role_id_foreign` (`role_id`);

--
-- Indexes for table `sub_categories`
--
ALTER TABLE `sub_categories`
  ADD PRIMARY KEY (`id`),
  ADD UNIQUE KEY `sub_categories_name_unique` (`name`),
  ADD KEY `sub_categories_category_id_foreign` (`category_id`);

--
-- Indexes for table `users`
--
ALTER TABLE `users`
  ADD PRIMARY KEY (`id`),
  ADD UNIQUE KEY `users_email_unique` (`email`),
  ADD KEY `users_restaurant_id_foreign` (`restaurant_id`);

--
-- AUTO_INCREMENT for dumped tables
--

--
-- AUTO_INCREMENT for table `carts`
--
ALTER TABLE `carts`
  MODIFY `id` bigint(20) UNSIGNED NOT NULL AUTO_INCREMENT, AUTO_INCREMENT=32;

--
-- AUTO_INCREMENT for table `categories`
--
ALTER TABLE `categories`
  MODIFY `id` bigint(20) UNSIGNED NOT NULL AUTO_INCREMENT, AUTO_INCREMENT=11;

--
-- AUTO_INCREMENT for table `category_images`
--
ALTER TABLE `category_images`
  MODIFY `id` bigint(20) UNSIGNED NOT NULL AUTO_INCREMENT, AUTO_INCREMENT=7;

--
-- AUTO_INCREMENT for table `category_infos`
--
ALTER TABLE `category_infos`
  MODIFY `id` bigint(20) UNSIGNED NOT NULL AUTO_INCREMENT, AUTO_INCREMENT=72;

--
-- AUTO_INCREMENT for table `failed_jobs`
--
ALTER TABLE `failed_jobs`
  MODIFY `id` bigint(20) UNSIGNED NOT NULL AUTO_INCREMENT;

--
-- AUTO_INCREMENT for table `food`
--
ALTER TABLE `food`
  MODIFY `id` bigint(20) UNSIGNED NOT NULL AUTO_INCREMENT, AUTO_INCREMENT=72;

--
-- AUTO_INCREMENT for table `food_prices`
--
ALTER TABLE `food_prices`
  MODIFY `id` bigint(20) UNSIGNED NOT NULL AUTO_INCREMENT, AUTO_INCREMENT=325;

--
-- AUTO_INCREMENT for table `food_types`
--
ALTER TABLE `food_types`
  MODIFY `id` bigint(20) UNSIGNED NOT NULL AUTO_INCREMENT, AUTO_INCREMENT=3;

--
-- AUTO_INCREMENT for table `images`
--
ALTER TABLE `images`
  MODIFY `id` bigint(20) UNSIGNED NOT NULL AUTO_INCREMENT, AUTO_INCREMENT=33;

--
-- AUTO_INCREMENT for table `migrations`
--
ALTER TABLE `migrations`
  MODIFY `id` int(10) UNSIGNED NOT NULL AUTO_INCREMENT, AUTO_INCREMENT=33;

--
-- AUTO_INCREMENT for table `orders`
--
ALTER TABLE `orders`
  MODIFY `id` bigint(20) UNSIGNED NOT NULL AUTO_INCREMENT, AUTO_INCREMENT=6;

--
-- AUTO_INCREMENT for table `order_details`
--
ALTER TABLE `order_details`
  MODIFY `id` bigint(20) UNSIGNED NOT NULL AUTO_INCREMENT, AUTO_INCREMENT=21;

--
-- AUTO_INCREMENT for table `permissions`
--
ALTER TABLE `permissions`
  MODIFY `id` bigint(20) UNSIGNED NOT NULL AUTO_INCREMENT;

--
-- AUTO_INCREMENT for table `personal_access_tokens`
--
ALTER TABLE `personal_access_tokens`
  MODIFY `id` bigint(20) UNSIGNED NOT NULL AUTO_INCREMENT;

--
-- AUTO_INCREMENT for table `restaurants`
--
ALTER TABLE `restaurants`
  MODIFY `id` bigint(20) UNSIGNED NOT NULL AUTO_INCREMENT, AUTO_INCREMENT=6;

--
-- AUTO_INCREMENT for table `roles`
--
ALTER TABLE `roles`
  MODIFY `id` bigint(20) UNSIGNED NOT NULL AUTO_INCREMENT, AUTO_INCREMENT=4;

--
-- AUTO_INCREMENT for table `sub_categories`
--
ALTER TABLE `sub_categories`
  MODIFY `id` bigint(20) UNSIGNED NOT NULL AUTO_INCREMENT, AUTO_INCREMENT=4;

--
-- AUTO_INCREMENT for table `users`
--
ALTER TABLE `users`
  MODIFY `id` bigint(20) UNSIGNED NOT NULL AUTO_INCREMENT, AUTO_INCREMENT=10;

--
-- Constraints for dumped tables
--

--
-- Constraints for table `carts`
--
ALTER TABLE `carts`
  ADD CONSTRAINT `carts_foodprice_id_foreign` FOREIGN KEY (`foodprice_id`) REFERENCES `food_prices` (`id`),
  ADD CONSTRAINT `carts_user_id_foreign` FOREIGN KEY (`user_id`) REFERENCES `users` (`id`);

--
-- Constraints for table `category_images`
--
ALTER TABLE `category_images`
  ADD CONSTRAINT `category_images_category_id_foreign` FOREIGN KEY (`category_id`) REFERENCES `categories` (`id`),
  ADD CONSTRAINT `category_images_image_id_foreign` FOREIGN KEY (`image_id`) REFERENCES `images` (`id`);

--
-- Constraints for table `category_infos`
--
ALTER TABLE `category_infos`
  ADD CONSTRAINT `category_infos_category_id_foreign` FOREIGN KEY (`category_id`) REFERENCES `categories` (`id`),
  ADD CONSTRAINT `category_infos_food_id_foreign` FOREIGN KEY (`food_id`) REFERENCES `food` (`id`);

--
-- Constraints for table `food_prices`
--
ALTER TABLE `food_prices`
  ADD CONSTRAINT `food_prices_food_id_foreign` FOREIGN KEY (`food_id`) REFERENCES `food` (`id`),
  ADD CONSTRAINT `food_prices_restaurant_id_foreign` FOREIGN KEY (`restaurant_id`) REFERENCES `restaurants` (`id`);

--
-- Constraints for table `model_has_permissions`
--
ALTER TABLE `model_has_permissions`
  ADD CONSTRAINT `model_has_permissions_permission_id_foreign` FOREIGN KEY (`permission_id`) REFERENCES `permissions` (`id`) ON DELETE CASCADE;

--
-- Constraints for table `model_has_roles`
--
ALTER TABLE `model_has_roles`
  ADD CONSTRAINT `model_has_roles_role_id_foreign` FOREIGN KEY (`role_id`) REFERENCES `roles` (`id`) ON DELETE CASCADE;

--
-- Constraints for table `orders`
--
ALTER TABLE `orders`
  ADD CONSTRAINT `orders_user_id_foreign` FOREIGN KEY (`user_id`) REFERENCES `users` (`id`);

--
-- Constraints for table `order_details`
--
ALTER TABLE `order_details`
  ADD CONSTRAINT `order_details_order_id_foreign` FOREIGN KEY (`order_id`) REFERENCES `orders` (`id`),
  ADD CONSTRAINT `order_details_price_id_foreign` FOREIGN KEY (`price_id`) REFERENCES `food_prices` (`id`);

--
-- Constraints for table `role_has_permissions`
--
ALTER TABLE `role_has_permissions`
  ADD CONSTRAINT `role_has_permissions_permission_id_foreign` FOREIGN KEY (`permission_id`) REFERENCES `permissions` (`id`) ON DELETE CASCADE,
  ADD CONSTRAINT `role_has_permissions_role_id_foreign` FOREIGN KEY (`role_id`) REFERENCES `roles` (`id`) ON DELETE CASCADE;

--
-- Constraints for table `sub_categories`
--
ALTER TABLE `sub_categories`
  ADD CONSTRAINT `sub_categories_category_id_foreign` FOREIGN KEY (`category_id`) REFERENCES `categories` (`id`);

--
-- Constraints for table `users`
--
ALTER TABLE `users`
  ADD CONSTRAINT `users_restaurant_id_foreign` FOREIGN KEY (`restaurant_id`) REFERENCES `restaurants` (`id`);
COMMIT;

/*!40101 SET CHARACTER_SET_CLIENT=@OLD_CHARACTER_SET_CLIENT */;
/*!40101 SET CHARACTER_SET_RESULTS=@OLD_CHARACTER_SET_RESULTS */;
/*!40101 SET COLLATION_CONNECTION=@OLD_COLLATION_CONNECTION */;
